-- US Stock Radar taxonomy seed.
-- Generated from lib/taxonomyRegistry.ts. Review before applying to Supabase.

insert into market_sectors (code, name, sort_order)
values
  ('technology', 'Technology', 10),
  ('communication_services', 'Communication Services', 20),
  ('consumer_cyclical', 'Consumer Cyclical', 30),
  ('consumer_defensive', 'Consumer Defensive', 40),
  ('healthcare', 'Healthcare', 50),
  ('financial_services', 'Financial Services', 60),
  ('industrials', 'Industrials', 70),
  ('energy', 'Energy', 80),
  ('utilities', 'Utilities', 90),
  ('basic_materials', 'Basic Materials', 100),
  ('real_estate', 'Real Estate', 110),
  ('other', 'Other', 120)
on conflict (code) do update set
  name = excluded.name,
  sort_order = excluded.sort_order,
  updated_at = now();

insert into market_sub_categories (sector_code, slug, name, sort_order, notes)
values
  ('technology', 'semiconductors_compute', 'Semiconductors & Compute', 10, null),
  ('technology', 'software_cloud', 'Software & Cloud', 20, null),
  ('technology', 'cybersecurity', 'Cybersecurity', 30, 'Theme or manual list; FMP has no stable direct industry.'),
  ('technology', 'it_services', 'IT Services', 40, null),
  ('technology', 'hardware_electronics', 'Hardware & Electronics', 50, null),
  ('communication_services', 'internet_platforms', 'Internet Platforms', 60, null),
  ('communication_services', 'media_entertainment', 'Media & Entertainment', 70, null),
  ('communication_services', 'gaming', 'Gaming', 80, null),
  ('communication_services', 'telecom_connectivity', 'Telecom & Connectivity', 90, null),
  ('communication_services', 'advertising_information_services', 'Advertising & Information Services', 100, null),
  ('consumer_cyclical', 'autos_mobility', 'Autos & Mobility', 110, null),
  ('consumer_cyclical', 'retail_ecommerce', 'Retail & E-commerce', 120, null),
  ('consumer_cyclical', 'restaurants', 'Restaurants', 130, null),
  ('consumer_cyclical', 'travel_leisure', 'Travel & Leisure', 140, null),
  ('consumer_cyclical', 'home_lifestyle', 'Home & Lifestyle', 150, null),
  ('consumer_cyclical', 'apparel_luxury', 'Apparel & Luxury', 160, null),
  ('consumer_defensive', 'food_beverage', 'Food & Beverage', 170, null),
  ('consumer_defensive', 'household_personal_care', 'Household & Personal Care', 180, null),
  ('consumer_defensive', 'grocery_discount_retail', 'Grocery & Discount Retail', 190, null),
  ('consumer_defensive', 'agriculture_staples', 'Agriculture & Staples', 200, null),
  ('consumer_defensive', 'tobacco_cannabis_alternatives', 'Tobacco, Cannabis & Alternative Products', 210, null),
  ('healthcare', 'biotechnology', 'Biotechnology', 220, null),
  ('healthcare', 'pharmaceuticals', 'Pharmaceuticals', 230, null),
  ('healthcare', 'medical_devices_diagnostics', 'Medical Devices & Diagnostics', 240, null),
  ('healthcare', 'healthcare_services', 'Healthcare Services', 250, null),
  ('healthcare', 'health_insurance_managed_care', 'Health Insurance & Managed Care', 260, null),
  ('financial_services', 'banks', 'Banks', 270, null),
  ('financial_services', 'capital_markets_exchanges', 'Capital Markets & Exchanges', 280, null),
  ('financial_services', 'insurance', 'Insurance', 290, null),
  ('financial_services', 'asset_wealth_management', 'Asset & Wealth Management', 300, null),
  ('financial_services', 'payments_lending', 'Payments & Lending', 310, null),
  ('financial_services', 'fintech_digital_assets', 'Fintech & Digital Assets', 320, 'Theme membership should supplement this because the FMP industry is narrow.'),
  ('financial_services', 'diversified_finance', 'Diversified Finance', 330, null),
  ('industrials', 'aerospace_defense', 'Aerospace & Defense', 340, null),
  ('industrials', 'machinery_equipment', 'Machinery & Equipment', 350, null),
  ('industrials', 'transportation_logistics', 'Transportation & Logistics', 360, null),
  ('industrials', 'construction_infrastructure', 'Construction & Infrastructure', 370, null),
  ('industrials', 'industrial_services_manufacturing', 'Industrial Services & Manufacturing', 380, null),
  ('industrials', 'environmental_waste', 'Environmental & Waste', 390, null),
  ('industrials', 'business_services', 'Business Services', 400, null),
  ('industrials', 'conglomerates', 'Conglomerates', 410, null),
  ('energy', 'oil_gas_refining', 'Oil, Gas & Refining', 420, null),
  ('energy', 'midstream_lng', 'Midstream & LNG', 430, null),
  ('energy', 'energy_services_equipment', 'Energy Services & Equipment', 440, null),
  ('energy', 'renewable_energy', 'Renewable Energy', 450, 'Theme membership should cover non-solar renewables.'),
  ('energy', 'nuclear_uranium', 'Nuclear & Uranium', 460, null),
  ('energy', 'coal', 'Coal', 470, null),
  ('utilities', 'electric_utilities', 'Electric Utilities', 480, null),
  ('utilities', 'power_generation_grid', 'Power Generation & Grid', 490, null),
  ('utilities', 'water_multi_utilities', 'Water & Multi-Utilities', 500, null),
  ('utilities', 'gas_utilities', 'Gas Utilities', 510, null),
  ('basic_materials', 'metals_mining', 'Metals & Mining', 520, null),
  ('basic_materials', 'precious_metals', 'Precious Metals', 530, null),
  ('basic_materials', 'chemicals', 'Chemicals', 540, null),
  ('basic_materials', 'agricultural_inputs', 'Agricultural Inputs', 550, null),
  ('basic_materials', 'packaging_materials', 'Packaging & Materials', 560, null),
  ('real_estate', 'reits', 'REITs', 570, null),
  ('real_estate', 'residential_real_estate', 'Residential Real Estate', 580, null),
  ('real_estate', 'commercial_real_estate', 'Commercial Real Estate', 590, null),
  ('real_estate', 'industrial_logistics_real_estate', 'Industrial & Logistics Real Estate', 600, 'Duplicate FMP industry with REITs; priority rules decide default mapping.'),
  ('real_estate', 'real_estate_services', 'Real Estate Services', 610, null),
  ('other', 'shell_spac_undefined', 'Shell / SPAC / Undefined', 620, null),
  ('other', 'etf_funds_government_cef', 'ETF / Funds / Government / CEF', 630, 'Use asset_type or instrument_type, not only FMP industry.'),
  ('other', 'education', 'Education', 640, null)
on conflict (sector_code, slug) do update set
  name = excluded.name,
  sort_order = excluded.sort_order,
  notes = excluded.notes,
  updated_at = now();

insert into fmp_industry_mappings (fmp_industry, sector_code, sub_category_slug, priority, is_primary, notes)
values
  ('Semiconductors', 'technology', 'semiconductors_compute', 10, true, null),
  ('Software - Services', 'technology', 'software_cloud', 20, true, null),
  ('Software - Infrastructure', 'technology', 'software_cloud', 30, true, null),
  ('Software - Application', 'technology', 'software_cloud', 40, true, null),
  ('Information Technology Services', 'technology', 'it_services', 50, true, null),
  ('Hardware, Equipment & Parts', 'technology', 'hardware_electronics', 60, true, null),
  ('Computer Hardware', 'technology', 'hardware_electronics', 70, true, null),
  ('Consumer Electronics', 'technology', 'hardware_electronics', 80, true, null),
  ('Communication Equipment', 'technology', 'hardware_electronics', 90, true, null),
  ('Technology Distributors', 'technology', 'hardware_electronics', 100, true, null),
  ('Internet Content & Information', 'communication_services', 'internet_platforms', 110, true, null),
  ('Media & Entertainment', 'communication_services', 'media_entertainment', 120, true, null),
  ('Entertainment', 'communication_services', 'media_entertainment', 130, true, null),
  ('Broadcasting', 'communication_services', 'media_entertainment', 140, true, null),
  ('Electronic Gaming & Multimedia', 'communication_services', 'gaming', 150, true, null),
  ('Telecommunications Services', 'communication_services', 'telecom_connectivity', 160, true, null),
  ('Advertising Agencies', 'communication_services', 'advertising_information_services', 170, true, null),
  ('Publishing', 'communication_services', 'advertising_information_services', 180, true, null),
  ('Auto - Manufacturers', 'consumer_cyclical', 'autos_mobility', 190, true, null),
  ('Auto - Parts', 'consumer_cyclical', 'autos_mobility', 200, true, null),
  ('Auto - Recreational Vehicles', 'consumer_cyclical', 'autos_mobility', 210, true, null),
  ('Auto - Dealerships', 'consumer_cyclical', 'autos_mobility', 220, true, null),
  ('Specialty Retail', 'consumer_cyclical', 'retail_ecommerce', 230, true, null),
  ('Department Stores', 'consumer_cyclical', 'retail_ecommerce', 240, true, null),
  ('Restaurants', 'consumer_cyclical', 'restaurants', 250, true, null),
  ('Travel Lodging', 'consumer_cyclical', 'travel_leisure', 260, true, null),
  ('Travel Services', 'consumer_cyclical', 'travel_leisure', 270, true, null),
  ('Leisure', 'consumer_cyclical', 'travel_leisure', 280, true, null),
  ('Gambling', 'consumer_cyclical', 'travel_leisure', 290, true, null),
  ('Resorts & Casinos', 'consumer_cyclical', 'travel_leisure', 300, true, null),
  ('Home Improvement', 'consumer_cyclical', 'home_lifestyle', 310, true, null),
  ('Residential Construction', 'consumer_cyclical', 'home_lifestyle', 320, true, null),
  ('Furnishings, Fixtures & Appliances', 'consumer_cyclical', 'home_lifestyle', 330, true, null),
  ('Apparel - Retail', 'consumer_cyclical', 'apparel_luxury', 340, true, null),
  ('Apparel - Manufacturers', 'consumer_cyclical', 'apparel_luxury', 350, true, null),
  ('Apparel - Footwear & Accessories', 'consumer_cyclical', 'apparel_luxury', 360, true, null),
  ('Luxury Goods', 'consumer_cyclical', 'apparel_luxury', 370, true, null),
  ('Packaged Foods', 'consumer_defensive', 'food_beverage', 380, true, null),
  ('Food Distribution', 'consumer_defensive', 'food_beverage', 390, true, null),
  ('Food Confectioners', 'consumer_defensive', 'food_beverage', 400, true, null),
  ('Beverages - Non-Alcoholic', 'consumer_defensive', 'food_beverage', 410, true, null),
  ('Beverages - Alcoholic', 'consumer_defensive', 'food_beverage', 420, true, null),
  ('Beverages - Wineries & Distilleries', 'consumer_defensive', 'food_beverage', 430, true, null),
  ('Household & Personal Products', 'consumer_defensive', 'household_personal_care', 440, true, null),
  ('Personal Products & Services', 'consumer_defensive', 'household_personal_care', 450, true, null),
  ('Grocery Stores', 'consumer_defensive', 'grocery_discount_retail', 460, true, null),
  ('Discount Stores', 'consumer_defensive', 'grocery_discount_retail', 470, true, null),
  ('Agricultural Farm Products', 'consumer_defensive', 'agriculture_staples', 480, true, null),
  ('Tobacco', 'consumer_defensive', 'tobacco_cannabis_alternatives', 490, true, null),
  ('Biotechnology', 'healthcare', 'biotechnology', 500, true, null),
  ('Medical - Pharmaceuticals', 'healthcare', 'pharmaceuticals', 510, true, null),
  ('Drug Manufacturers - General', 'healthcare', 'pharmaceuticals', 520, true, null),
  ('Drug Manufacturers - Specialty & Generic', 'healthcare', 'pharmaceuticals', 530, true, null),
  ('Medical - Devices', 'healthcare', 'medical_devices_diagnostics', 540, true, null),
  ('Medical - Instruments & Supplies', 'healthcare', 'medical_devices_diagnostics', 550, true, null),
  ('Medical - Diagnostics & Research', 'healthcare', 'medical_devices_diagnostics', 560, true, null),
  ('Medical - Equipment & Services', 'healthcare', 'medical_devices_diagnostics', 570, true, null),
  ('Medical - Care Facilities', 'healthcare', 'healthcare_services', 580, true, null),
  ('Medical - Distribution', 'healthcare', 'healthcare_services', 590, true, null),
  ('Medical - Healthcare Information Services', 'healthcare', 'healthcare_services', 600, true, null),
  ('Medical - Specialties', 'healthcare', 'healthcare_services', 610, true, null),
  ('Medical - Healthcare Plans', 'healthcare', 'health_insurance_managed_care', 620, true, null),
  ('Banks', 'financial_services', 'banks', 630, true, null),
  ('Banks - Diversified', 'financial_services', 'banks', 640, true, null),
  ('Banks - Regional', 'financial_services', 'banks', 650, true, null),
  ('Financial - Capital Markets', 'financial_services', 'capital_markets_exchanges', 660, true, null),
  ('Financial - Data & Stock Exchanges', 'financial_services', 'capital_markets_exchanges', 670, true, null),
  ('Investment - Banking & Investment Services', 'financial_services', 'capital_markets_exchanges', 680, true, null),
  ('Insurance - Specialty', 'financial_services', 'insurance', 690, true, null),
  ('Insurance - Reinsurance', 'financial_services', 'insurance', 700, true, null),
  ('Insurance - Property & Casualty', 'financial_services', 'insurance', 710, true, null),
  ('Insurance - Life', 'financial_services', 'insurance', 720, true, null),
  ('Insurance - Diversified', 'financial_services', 'insurance', 730, true, null),
  ('Insurance - Brokers', 'financial_services', 'insurance', 740, true, null),
  ('Asset Management', 'financial_services', 'asset_wealth_management', 750, true, null),
  ('Asset Management - Bonds', 'financial_services', 'asset_wealth_management', 760, true, null),
  ('Asset Management - Income', 'financial_services', 'asset_wealth_management', 770, true, null),
  ('Asset Management - Leveraged', 'financial_services', 'asset_wealth_management', 780, true, null),
  ('Asset Management - Global', 'financial_services', 'asset_wealth_management', 790, true, null),
  ('Financial - Credit Services', 'financial_services', 'payments_lending', 800, true, null),
  ('Financial - Mortgages', 'financial_services', 'payments_lending', 810, true, null),
  ('Asset Management - Cryptocurrency', 'financial_services', 'fintech_digital_assets', 820, true, 'Theme membership should supplement this because the FMP industry is narrow.'),
  ('Financial - Diversified', 'financial_services', 'diversified_finance', 830, true, null),
  ('Financial - Conglomerates', 'financial_services', 'diversified_finance', 840, true, null),
  ('Aerospace & Defense', 'industrials', 'aerospace_defense', 850, true, null),
  ('Industrial - Machinery', 'industrials', 'machinery_equipment', 860, true, null),
  ('Agricultural - Machinery', 'industrials', 'machinery_equipment', 870, true, null),
  ('Electrical Equipment & Parts', 'industrials', 'machinery_equipment', 880, true, null),
  ('Manufacturing - Tools & Accessories', 'industrials', 'machinery_equipment', 890, true, null),
  ('General Transportation', 'industrials', 'transportation_logistics', 900, true, null),
  ('Integrated Freight & Logistics', 'industrials', 'transportation_logistics', 910, true, null),
  ('Railroads', 'industrials', 'transportation_logistics', 920, true, null),
  ('Trucking', 'industrials', 'transportation_logistics', 930, true, null),
  ('Marine Shipping', 'industrials', 'transportation_logistics', 940, true, null),
  ('Airlines', 'industrials', 'transportation_logistics', 950, true, null),
  ('Airports & Air Services', 'industrials', 'transportation_logistics', 960, true, null),
  ('Construction', 'industrials', 'construction_infrastructure', 970, true, null),
  ('Engineering & Construction', 'industrials', 'construction_infrastructure', 980, true, null),
  ('Industrial - Infrastructure Operations', 'industrials', 'construction_infrastructure', 990, true, null),
  ('Manufacturing - Miscellaneous', 'industrials', 'industrial_services_manufacturing', 1000, true, null),
  ('Manufacturing - Metal Fabrication', 'industrials', 'industrial_services_manufacturing', 1010, true, null),
  ('Manufacturing - Textiles', 'industrials', 'industrial_services_manufacturing', 1020, true, null),
  ('Industrial - Distribution', 'industrials', 'industrial_services_manufacturing', 1030, true, null),
  ('Industrial - Specialties', 'industrials', 'industrial_services_manufacturing', 1040, true, null),
  ('Industrial - Capital Goods', 'industrials', 'industrial_services_manufacturing', 1050, true, null),
  ('Business Equipment & Supplies', 'industrials', 'industrial_services_manufacturing', 1060, true, null),
  ('Waste Management', 'industrials', 'environmental_waste', 1070, true, null),
  ('Environmental Services', 'industrials', 'environmental_waste', 1080, true, null),
  ('Industrial - Pollution & Treatment Controls', 'industrials', 'environmental_waste', 1090, true, null),
  ('Consulting Services', 'industrials', 'business_services', 1100, true, null),
  ('Staffing & Employment Services', 'industrials', 'business_services', 1110, true, null),
  ('Rental & Leasing Services', 'industrials', 'business_services', 1120, true, null),
  ('Security & Protection Services', 'industrials', 'business_services', 1130, true, null),
  ('Specialty Business Services', 'industrials', 'business_services', 1140, true, null),
  ('Conglomerates', 'industrials', 'conglomerates', 1150, true, null),
  ('Oil & Gas Integrated', 'energy', 'oil_gas_refining', 1160, true, null),
  ('Oil & Gas Exploration & Production', 'energy', 'oil_gas_refining', 1170, true, null),
  ('Oil & Gas Refining & Marketing', 'energy', 'oil_gas_refining', 1180, true, null),
  ('Oil & Gas Energy', 'energy', 'oil_gas_refining', 1190, true, null),
  ('Oil & Gas Midstream', 'energy', 'midstream_lng', 1200, true, null),
  ('Oil & Gas Equipment & Services', 'energy', 'energy_services_equipment', 1210, true, null),
  ('Oil & Gas Drilling', 'energy', 'energy_services_equipment', 1220, true, null),
  ('Solar', 'energy', 'renewable_energy', 1230, true, 'Theme membership should cover non-solar renewables.'),
  ('Uranium', 'energy', 'nuclear_uranium', 1240, true, null),
  ('Coal', 'energy', 'coal', 1250, true, null),
  ('Regulated Electric', 'utilities', 'electric_utilities', 1260, true, null),
  ('Independent Power Producers', 'utilities', 'power_generation_grid', 1270, true, null),
  ('Regulated Water', 'utilities', 'water_multi_utilities', 1280, true, null),
  ('Diversified Utilities', 'utilities', 'water_multi_utilities', 1290, true, null),
  ('General Utilities', 'utilities', 'water_multi_utilities', 1300, true, null),
  ('Renewable Utilities', 'utilities', 'water_multi_utilities', 1310, true, null),
  ('Regulated Gas', 'utilities', 'gas_utilities', 1320, true, null),
  ('Steel', 'basic_materials', 'metals_mining', 1330, true, null),
  ('Copper', 'basic_materials', 'metals_mining', 1340, true, null),
  ('Aluminum', 'basic_materials', 'metals_mining', 1350, true, null),
  ('Industrial Materials', 'basic_materials', 'metals_mining', 1360, true, null),
  ('Gold', 'basic_materials', 'precious_metals', 1370, true, null),
  ('Silver', 'basic_materials', 'precious_metals', 1380, true, null),
  ('Other Precious Metals', 'basic_materials', 'precious_metals', 1390, true, null),
  ('Chemicals', 'basic_materials', 'chemicals', 1400, true, null),
  ('Chemicals - Specialty', 'basic_materials', 'chemicals', 1410, true, null),
  ('Agricultural Inputs', 'basic_materials', 'agricultural_inputs', 1420, true, null),
  ('Agricultural - Commodities/Milling', 'basic_materials', 'agricultural_inputs', 1430, true, null),
  ('Paper', 'basic_materials', 'packaging_materials', 1440, true, null),
  ('Lumber & Forest Products', 'basic_materials', 'packaging_materials', 1450, true, null),
  ('Packaging & Containers', 'basic_materials', 'packaging_materials', 1460, true, null),
  ('Construction Materials', 'basic_materials', 'packaging_materials', 1470, true, null),
  ('REIT - Specialty', 'real_estate', 'reits', 1480, true, null),
  ('REIT - Retail', 'real_estate', 'reits', 1490, true, null),
  ('REIT - Residential', 'real_estate', 'reits', 1500, true, null),
  ('REIT - Office', 'real_estate', 'reits', 1510, true, null),
  ('REIT - Mortgage', 'real_estate', 'reits', 1520, true, null),
  ('REIT - Industrial', 'real_estate', 'reits', 1530, true, null),
  ('REIT - Hotel & Motel', 'real_estate', 'reits', 1540, true, null),
  ('REIT - Healthcare Facilities', 'real_estate', 'reits', 1550, true, null),
  ('REIT - Diversified', 'real_estate', 'reits', 1560, true, null),
  ('Real Estate - Development', 'real_estate', 'residential_real_estate', 1570, true, null),
  ('Real Estate - General', 'real_estate', 'residential_real_estate', 1580, true, null),
  ('Real Estate - Diversified', 'real_estate', 'commercial_real_estate', 1590, true, null),
  ('REIT - Industrial', 'real_estate', 'industrial_logistics_real_estate', 1600, true, 'Duplicate FMP industry with REITs; priority rules decide default mapping.'),
  ('Real Estate - Services', 'real_estate', 'real_estate_services', 1610, true, null),
  ('Shell Companies', 'other', 'shell_spac_undefined', 1620, true, null),
  ('Education & Training Services', 'other', 'education', 1630, true, null)
on conflict (fmp_industry, sector_code, sub_category_slug) do update set
  priority = excluded.priority,
  is_primary = excluded.is_primary,
  notes = excluded.notes,
  updated_at = now();

insert into theme_groups (slug, name, status, description, sort_order)
values
  ('ai_data_center', 'AI & Data Center', 'implemented', 'AI infrastructure, accelerators, cloud capacity, and data center demand.', 10),
  ('crypto_digital_assets', 'Crypto & Digital Assets', 'implemented', 'Crypto infrastructure, digital asset balance sheets, exchanges, miners, and tokens.', 20),
  ('healthcare_momentum', 'Healthcare Momentum', 'implemented', 'Clinical catalysts, drug approvals, medical devices, and healthcare deal flow.', 30),
  ('power_energy_resources', 'Power, Energy & Resources', 'planned', 'Power demand, nuclear, uranium, LNG, oil and gas, renewables, and key resources.', 40),
  ('defense_geopolitics', 'Defense & Geopolitics', 'planned', 'Defense contractors, aerospace programs, sanctions, conflict, and geopolitical policy.', 50),
  ('rates_credit_banks', 'Rates, Credit & Banks', 'planned', 'Banks, credit stress, yields, lending, capital markets, and rate-sensitive moves.', 60),
  ('retail_momentum_flows', 'Retail & Momentum Flows', 'planned', 'High-volume retail names, squeezes, social momentum, and flow-driven setups.', 70),
  ('policy_regulation', 'Policy & Regulation', 'planned', 'Regulatory, agency, court, White House, and enforcement actions with market impact.', 80)
on conflict (slug) do update set
  name = excluded.name,
  status = excluded.status,
  description = excluded.description,
  sort_order = excluded.sort_order,
  updated_at = now();
